EBS;place_name;country;disease_name;species_name;alert_id;source;href;issue_date;alert_tag;Manualclass;Confirmed ;Empres-i ref;reviewed;sc;sd;cc;cd;ro;long_name;lon;lat;Pointssamplingtool;Safesignal
HealthMap;"Bengaluru; Karnataka; India";India;Avian Influenza;Poultry (domestic);5889207;indiantribune;http://news.google.com/news/url?sa=t&fd=R&ct2=us&usg=AFQjCNH7WrMr6FvK5-ZX90-XnsYaCpnbJg&clid=c3a7d30bb8a4878e06b80cf16b898331&ei=z949W6j1GtaG3wH1g4O4CA&url=https://www.indiantribune.com/centre-confirmed-bird-flu-outbreak-eastern-part-bengaluru;05-janv-18;Breaking;Relevant;no;;8/28/19 12:57;;;;;;Google News;77.603287;12.97623;120;52,94
HealthMap;"Jakarta Capital Region; Indonesia";Indonesia;Avian Influenza;Birds;5890661;antara;http://news.google.com/news/url?sa=t&fd=R&ct2=us&usg=AFQjCNELTGfhDznKBKldqfvzHawVlcigFQ&clid=c3a7d30bb8a4878e06b80cf16b898331&cid=52779947827497&ei=HZI_W9iUNcbz3gG60LagDw&url=https://en.antaranews.com/news/116503/fao-warns-livestock-farmers-of-new-bird-flu-virus;06-juin-18;Warning;Irrelevant;no;;8/28/19 12:31;;;;;;Google News;106.806297;-6.18619;149;41,57
HealthMap;"Shenzhen; Guangdong Province; China";China;Avian Influenza H9N2;Humans;5942906;outbreaknewstoday;http://news.google.com/news/url?sa=t&fd=R&ct2=us&usg=AFQjCNHRFUx6DNIw-_OjixxgnBmRitZDEQ&clid=c3a7d30bb8a4878e06b80cf16b898331&ei=SNZiW7jGGorG3wH-iY3IDg&url=http://outbreaknewstoday.com/h9n2-avian-influenza-case-reported-guangdong-province-china-78738/;02-Aug-2018;Breaking;Relevant;yes;239440;8/27/19 10:57;;;1;;;Google News;114.068298;22.54554;132;48,24
HealthMap;"Tỉnh Nghệ An; Nghệ An; Vietnam";Vietnam;Avian Influenza H5N6;Ducks (domestic);5942909;vnexpress international;http://news.google.com/news/url?sa=t&fd=R&ct2=us&usg=AFQjCNHUBNtKhuLNUopAl8135TUuqmJhKg&clid=c3a7d30bb8a4878e06b80cf16b898331&ei=QdZiW_iePJnE3wHr4p_gAQ&url=https://e.vnexpress.net/news/news/bird-flu-scare-sends-thousands-of-ducklings-to-their-death-in-vietnam-3786617.html;02-Aug-2018;Breaking;Relevant;yes;238790;08/05/2018 07:38;;;2400;;;Google News;104.916672;19.25;46;81,96
HealthMap;"Tuaran; Sabah; Malaysia";Malaysia;Avian Influenza;Chicken;5945500;free malaysia today;http://news.google.com/news/url?sa=t&fd=R&ct2=us&usg=AFQjCNF5ctK-sEd1tpOTrhAItU3ZVXzxxA&clid=c3a7d30bb8a4878e06b80cf16b898331&cid=52779990593879&ei=J3xkW5DQKYrG3wH-iY3IDg&url=http://www.freemalaysiatoday.com/category/nation/2018/08/03/sabah-bird-flu-epidemic-contained-says-minister/;03-Aug-2018;Breaking;Relevant;no;;08/04/2018 17:02;;;;;;Google News;116.333328;6.08333;83;67,45
HealthMap;"Tuaran; Sabah; Malaysia";Malaysia;Avian Influenza;Chicken;5945501;new straits times online;http://news.google.com/news/url?sa=t&fd=R&ct2=us&usg=AFQjCNGRLv3hj1LzVle1s392-GsN6nerlg&clid=c3a7d30bb8a4878e06b80cf16b898331&cid=52779990593879&ei=J3xkW5DQKYrG3wH-iY3IDg&url=https://www.nst.com.my/news/nation/2018/08/397661/tuaran-district-declared-bird-flu-outbreak-area;03-Aug-2018;Breaking;Relevant;no;;8/26/19 16:10;;;;;;Google News;116.333328;6.08333;83;67,45
HealthMap;Vietnam;Vietnam;Avian Influenza H5N6;Poultry (domestic);5945608;twitter;https://twitter.com/Reuters_Health/statuses/1025390812467748864;03-Aug-2018;Breaking;Relevant;yes;238790;8/26/19 16:34;;;;1590;;Twitter;108.457001;14.9447;70;72,55
HealthMap;"Tuaran; Sabah; Malaysia";Malaysia;Avian Influenza;Birds;5947410;thestar;http://news.google.com/news/url?sa=t&fd=R&ct2=us&usg=AFQjCNG5DmLE6j1mdHC8IjjUur1aEg-SYw&clid=c3a7d30bb8a4878e06b80cf16b898331&cid=52779991425818&ei=iLFlW8DhHoTa3gH2p5XABg&url=https://www.thestar.com.my/news/nation/2018/08/04/caution-advised-for-sabahs-poultry-farmers-after-one-bird-flu-case-reported-near-kk/;04-Aug-2018;Warning;Irrelevant;no;;8/26/19 16:08;;;;;;Google News;116.333328;6.08333;83;67,45
HealthMap;Malaysia;Malaysia;Avian Influenza H5N1;Poultry (domestic);5949897;kfgo;http://news.google.com/news/url?sa=t&fd=R&ct2=us&usg=AFQjCNF-6-prGOl6MeJ2IBTg0NbnYgXxHQ&clid=c3a7d30bb8a4878e06b80cf16b898331&cid=52779994135521&ei=azhoW5j0KoTa3gH2p5XABg&url=https://kfgo.com/news/articles/2018/aug/06/malaysia-reports-h5n1-bird-flu-outbreak-on-farm-oie/;06-Aug-2018;Breaking;Relevant;yes;238793;8/26/19 15:43;;;;3000;;Google News;113.191803;2.5746;20;92,16
HealthMap;"Ho Chi Minh; Vietnam";Vietnam;Avian Influenza H5N1;Humans;5958630;worldbulletin;http://news.google.com/news/url?sa=t&fd=R&ct2=us&usg=AFQjCNE0DlNGCZplwzePL1LHPOLDiu7VmA&clid=c3a7d30bb8a4878e06b80cf16b898331&ei=S35tW9DqNcXP3gHqkbyYAQ&url=http://www.worldbulletin.net/news/204858/bird-flu-kills-one-in-vietnam;10-Aug-2018;Breaking;Relevant;no;;8/26/19 14:58;;;;1;;Google News;106.629784;10.82327;120;52,94
HealthMap;"Tuaran; Sabah; Malaysia";Malaysia;Avian Influenza;Poultry (domestic);5958698;thehymalianinsight;http://news.google.com/news/url?sa=t&fd=R&ct2=us&usg=AFQjCNEUXy8PM4PQPzUWHFWGhMMlHiKYYQ&clid=c3a7d30bb8a4878e06b80cf16b898331&ei=ZoxtW6i6BJnq3wGd_5S4Cw&url=https://www.themalaysianinsight.com/s/86605;07-Aug-2018;Breaking;Relevant;yes;239195;8/26/19 14:55;;;2;;;Google News;116.333328;6.08333;83;67,45
HealthMap;Sabbah;Malaysia;Avian Influenza;Poultry (domestic);5960528;new straits times online;http://news.google.com/news/url?sa=t&fd=R&ct2=us&usg=AFQjCNEOrucIBGOaliHyAALA3Ab7NZZvaA&clid=c3a7d30bb8a4878e06b80cf16b898331&ei=zc9uW5DrIITa3gH2p5XABg&url=https://www.nst.com.my/news/nation/2018/08/400397/bird-flu-outbreak-sabah-vet-dept-tells-residents-not-hide-fowls;11-Aug-2018;Breaking;Relevant;yes;238793;08/12/2018 22:28;;;;;;Google News;117.131157;5.348619;48;81,18
HealthMap;"Laibin; Guangxi Autonomous Region; China";China;Avian Influenza H5N6;Humans;5977451;twitter;https://twitter.com/FluTrackers/statuses/1031671186915303425;20-Aug-2018;Breaking;Relevant;yes;239439;8/26/19 11:28;;;1;;;Twitter;109.266998;23.700001;195;23,53
HealthMap;"Laibin; Guangxi Autonomous Region; China";China;Avian Influenza H5N6;Humans;5977602;outbreaknewstoday;http://news.google.com/news/url?sa=t&fd=R&ct2=us&usg=AFQjCNFwPc92P1zGWjcUbEqDVTNaZLRMSw&clid=c3a7d30bb8a4878e06b80cf16b898331&ei=SHJ7W7iNLYys3wHboYPQAQ&url=http://outbreaknewstoday.com/china-human-h5n6-avian-influenza-case-reported-guangxi-33168/;20-Aug-2018;Breaking;Relevant;yes;239439;8/26/19 11:27;;;1;;;Google News;109.266998;23.700001;195;23,53
HealthMap;"Laibin; Guangxi Autonomous Region; China";China;Avian Influenza H5N6;Humans;5978214;twitter;https://twitter.com/crof/statuses/1031912852058202112;21-Aug-2018;Breaking;Relevant;no;;8/26/19 11:19;;;1;;;Twitter;109.266998;23.700001;195;23,53
HealthMap;"Kampong Cham Province; Cambodia";Cambodia;Avian Influenza H5N1;Poultry (domestic);5995929;khmertimeskh;http://news.google.com/news/url?sa=t&fd=R&ct2=us&usg=AFQjCNH0kaTSxXIr8A-iLrINTJ8m9p4MHg&clid=c3a7d30bb8a4878e06b80cf16b898331&ei=aBeHW7iLBM623AGh6a3wAg&url=https://www.khmertimeskh.com/50528182/bird-flu-outbreak-in-tboung-khmum/;29-Aug-2018;Breaking;Relevant;yes;239383;8/23/19 14:09;;;;;;Google News;105.583328;12.08333;150;41,18
HealthMap;Malaysia;Malaysia;Avian Influenza;Poultry (domestic);6004123;arabnews;http://news.google.com/news/url?sa=t&fd=R&ct2=us&usg=AFQjCNFTrWUqTkPaSTq5BkfIJJ90oYai0A&clid=c3a7d30bb8a4878e06b80cf16b898331&cid=52780029559730&ei=MgaNW4jWGs623AGh6a3wAg&url=http://www.arabnews.com/node/1365816/saudi-arabia;02-sept-18;Warning;Irrelevant;no;;09/06/2018 21:32;;;;;;Google News;113.191803;2.5746;20;92,16
HealthMap;"Guizhou Province; China";China;Avian Influenza H5N6;Poultry (domestic);6060294;the tribune;http://news.google.com/news/url?sa=t&fd=R&ct2=us&usg=AFQjCNHXBTfWkF6dpkWMJzaOGHH9gt66Lw&clid=c3a7d30bb8a4878e06b80cf16b898331&ei=T1uvW4DfCpaQ3AG-qZbYCg&url=https://www.tribuneindia.com/news/world/china-reports-h5n6-bird-flu-case-on-poultry-farm-in-guizhou-province/660667.html;29-sept-18;Breaking;Relevant;yes;240709;10/03/2018 21:02;;;;;;Google News;105.933296;26.25;115;54,9
HealthMap;"Guangdong Province; China";China;Avian Influenza H5N6;Poultry (domestic);6062576;twitter;https://twitter.com/FluTrackers/statuses/1046560449456738309;30-sept-18;Breaking;Relevant;yes;240695;8/22/19 11:04;;;1;;;Twitter;112.8405;24.8764;68;73,33
HealthMap;"Guangzhou; Guangdong Province; China";China;Avian Influenza H5N6;Humans;6064984;outbreaknewstoday;http://news.google.com/news/url?sa=t&fd=R&ct2=us&usg=AFQjCNH_40_La8Oqpcqjpr0YacZepFHXyQ&clid=c3a7d30bb8a4878e06b80cf16b898331&ei=StGyW4jlFdO73wHjxa2wCQ&url=http://outbreaknewstoday.com/china-h5n6-avian-influenza-case-reported-guangdong-28400/;01-oct-18;Breaking;Relevant;yes;240695;8/22/19 10:19;;;1;;;Google News;113.25;23.1166;150;41,18
HealthMap;"Hunan Province; China";China;Avian Influenza H5N6;Poultry (domestic);6079921;twitter;https://twitter.com/Reuters_Health/statuses/1049626967690100738;09-oct-18;Breaking;Relevant;yes;240989;8/21/19 16:05;519;;;385;;Twitter;112.016602;27.9944;112;56,08
HealthMap;"Hunan Province; China";China;Avian Influenza H5N6;Poultry (domestic);6080054;shine;http://news.google.com/news/url?sa=t&fd=R&ct2=us&usg=AFQjCNH4cu1N6DAwBleq_wIK9ihI_1U5oA&clid=c3a7d30bb8a4878e06b80cf16b898331&ei=haa8W5i8E9a63wGRlJPwBg&url=https://www.shine.cn/news/nation/1810093207/;09-oct-18;Breaking;Relevant;yes;240989;8/21/19 15:33;;;;385;;Google News;112.016602;27.9944;112;56,08
HealthMap;"Hunan Province; China";China;Avian Influenza H5N6;Poultry (domestic);6083945;chanelnewsasia;http://news.google.com/news/url?sa=t&fd=R&ct2=us&usg=AFQjCNGVMSrg2dLxRQjoY7IsVq4KnyhJSQ&clid=c3a7d30bb8a4878e06b80cf16b898331&cid=52780061392433&ei=uJK-W5noLs2f3QGwlargAw&url=https://www.channelnewsasia.com/news/asia/china-reports-new-h5n6-bird-flu-outbreak-in-hunan-province-10808126;09-oct-18;Breaking;Relevant;yes;240989;8/21/19 12:44;;;;385;;Google News;112.016602;27.9944;112;56,08
HealthMap;Vietnam;Vietnam;Avian Influenza;Poultry (domestic);6095752;vietnamnet;http://news.google.com/news/url?sa=t&fd=R&ct2=us&usg=AFQjCNFm2UFz3CwZwCrRi4XC3jRAGCPPsA&clid=c3a7d30bb8a4878e06b80cf16b898331&ei=SyTHW5i-PJLK3QHjp7eIAQ&url=https://english.vietnamnet.vn/fms/society/210369/over--32mil--for-bird-flu-control-in-vietnam-during-2019-2025.html;16-oct-18;Breaking;Irrelevant;no;;10/17/18 14:09;;;;;;Google News;108.457001;14.9447;70;72,55
HealthMap;Cambodia;Cambodia;Avian Influenza;Poultry (domestic);6119054;khmertimeskh;http://news.google.com/news/url?sa=t&fd=R&ct2=us&usg=AFQjCNHQTPEBcATFU3NWtsS_1XXlso5P2g&clid=c3a7d30bb8a4878e06b80cf16b898331&ei=2XTXW_GkLY7o3AHKo4HgBA&url=https://www.khmertimeskh.com/50545286/ministry-cautions-against-bird-flu-during-water-festival/;29-oct-18;Warning;Irrelevant;no;;8/20/19 10:44;;;;;;Google News;104.923981;12.71643;153;40
HealthMap;Cambodia;Cambodia;Avian Influenza;Humans;6119054;khmertimeskh;http://news.google.com/news/url?sa=t&fd=R&ct2=us&usg=AFQjCNHQTPEBcATFU3NWtsS_1XXlso5P2g&clid=c3a7d30bb8a4878e06b80cf16b898331&ei=2XTXW_GkLY7o3AHKo4HgBA&url=https://www.khmertimeskh.com/50545286/ministry-cautions-against-bird-flu-during-water-festival/;29-oct-18;Warning;Irrelevant;no;;8/20/19 10:44;;;;;;Google News;104.923981;12.71643;153;40
HealthMap;"Guangxi Autonomous Region; China";China;Avian Influenza H5N6;Humans;6122044;twitter;https://twitter.com/Fla_Medic/statuses/1057609708293513216;31-oct-18;Breaking;Relevant;yes;242230;8/19/19 15:40;;;1;1;;Twitter;109;24;147;42,35
HealthMap;"Guangxi Autonomous Region; China";China;Avian Influenza H5N6;Humans;6123183;twitter;https://twitter.com/crof/statuses/1057787048189280258;31-oct-18;Breaking;Relevant;yes;242230;8/19/19 15:17;;;1;1;;Twitter;109;24;147;42,35
HealthMap;"Guangxi Autonomous Region; China";China;Avian Influenza H5N6;Humans;6123230;outbreaknewstoday;http://news.google.com/news/url?sa=t&fd=R&ct2=us&usg=AFQjCNGMns4ganSZ_qyOQRJJs014SHtgFg&clid=c3a7d30bb8a4878e06b80cf16b898331&ei=NV7aW_CBD9Wg3QG6kL_oDQ&url=http://outbreaknewstoday.com/h5n6-avian-influenza-death-reported-guangxi-china-73515/;31-oct-18;Breaking;Relevant;yes;242230;8/19/19 15:16;;;1;1;;Google News;109;24;147;42,35
HealthMap;Macau;China;Avian Influenza;Humans;6123429;macaubusiness;http://news.google.com/news/url?sa=t&fd=R&ct2=us&usg=AFQjCNHiD01gajcwk-YDpg82WMI0mUU_qA&clid=c3a7d30bb8a4878e06b80cf16b898331&cid=52780085501254&ei=TnraW7DqAZmCpwfE7YX4Dg&url=http://www.macaubusiness.com/health-authority-warns-residents-after-bird-flu-death-in-nearby-chinese-region/;31-oct-18;Warning;Irrelevant;no;;8/19/19 15:13;;;;;;Google News;113.550003;22.166599;104;59,22
HealthMap;Hong Kong;China;Avian Influenza;Poultry (domestic);6126302;scmp;http://news.google.com/news/url?sa=t&fd=R&ct2=us&usg=AFQjCNF-f-tOj1UugY9n9KLZh_f8bPexRA&clid=c3a7d30bb8a4878e06b80cf16b898331&ei=T2ngW5jsA9m-3AHT-q2ICw&url=https://www.scmp.com/news/hong-kong/health-environment/article/2171617/hong-kong-remain-vigilant-over-bird-flu-threat;04-nov-18;Warning;Irrelevant;no;;11/08/2018 20:55;;;;;;Google News;114.150002;22.284;102;60
HealthMap;"Guangxi Autonomous Region; China";China;Avian Influenza H5N6;Humans;6127491;globalmeatnews;http://news.google.com/news/url?sa=t&fd=R&ct2=us&usg=AFQjCNGjc-7JuchG2j2F9nnbMuxRo4ipnQ&clid=c3a7d30bb8a4878e06b80cf16b898331&cid=52780085501254&ei=UpPgW4F9wbrdAbOfisgJ&url=https://www.globalmeatnews.com/Article/2018/11/01/Human-case-of-avian-influenza-in-China;01-nov-18;Breaking;Relevant;no;;8/19/19 10:40;;;1;1;;Google News;109;24;147;42,35
HealthMap;Taiwan;China;Avian Influenza;Humans;6147264;twitter;https://twitter.com/FluTrackers/statuses/1063036362734100480;15-nov-18;Warning;Irrelevant;no;;8/16/19 12:30;;;;;;Twitter;121.016998;23.873001;72;71,76
HealthMap;"Yunnan Province; China";China;Avian Influenza H5N6;Poultry (domestic);6157457;reuters;http://news.google.com/news/url?sa=t&fd=R&ct2=us&usg=AFQjCNFgrcS-xkMjgZxIVRqPPUA7IK-9XA&clid=c3a7d30bb8a4878e06b80cf16b898331&ei=DEn1W6iBF5mCpwfE7YX4Dg&url=https://in.reuters.com/article/us-china-health-birdflu-outbreak/china-confirms-two-h5n6-bird-flu-outbreaks-in-yunnan-province-idINKCN1NQ19P;21-nov-18;Breaking;Relevant;yes;242729;8/15/19 14:46;;;11340;9820;;Google News;101.997002;25.005899;104;59,22
HealthMap;"Luquan Country; Kunming; Yunnan Province; China";China;Avian Influenza H5N6;Poultry (domestic);6157457;reuters;http://news.google.com/news/url?sa=t&fd=R&ct2=us&usg=AFQjCNFgrcS-xkMjgZxIVRqPPUA7IK-9XA&clid=c3a7d30bb8a4878e06b80cf16b898331&ei=DEn1W6iBF5mCpwfE7YX4Dg&url=https://in.reuters.com/article/us-china-health-birdflu-outbreak/china-confirms-two-h5n6-bird-flu-outbreaks-in-yunnan-province-idINKCN1NQ19P;21-nov-18;Breaking;Relevant;yes;242729;8/15/19 14:46;;;;;;Google News;102.471519;25.551332;142;44,31
HealthMap;"Tengchong; Baoshan; Yunnan Province; China";China;Avian Influenza H5N6;Poultry (domestic);6157457;reuters;http://news.google.com/news/url?sa=t&fd=R&ct2=us&usg=AFQjCNFgrcS-xkMjgZxIVRqPPUA7IK-9XA&clid=c3a7d30bb8a4878e06b80cf16b898331&ei=DEn1W6iBF5mCpwfE7YX4Dg&url=https://in.reuters.com/article/us-china-health-birdflu-outbreak/china-confirms-two-h5n6-bird-flu-outbreaks-in-yunnan-province-idINKCN1NQ19P;21-nov-18;Breaking;Relevant;yes;242729;8/15/19 14:46;;;;;;Google News;100.746483;22.338818;77;69,8
HealthMap;"Jiangsu Province; China";China;Avian Influenza H5N6;Poultry (domestic);6160553;yahoo;http://news.google.com/news/url?sa=t&fd=R&ct2=us&usg=AFQjCNE43rj7NMwJDulUXJrzel1868C5Uw&clid=c3a7d30bb8a4878e06b80cf16b898331&ei=gG33W4C7FpmCpwfE7YX4Dg&url=https://uk.news.yahoo.com/china-reports-h5n6-bird-flu-020222444.html;22-nov-18;Breaking;Relevant;yes;243659;8/16/19 8:15;;;;;;Google News;120.014603;32.9902;131;48,63
HealthMap;"Jiangsu Province; China";China;Avian Influenza H5N6;Poultry (domestic);6161711;straitstimes;http://news.google.com/news/url?sa=t&fd=R&ct2=us&usg=AFQjCNHRV3ClflPzquiXYIFDMxWJ5vZYzw&clid=c3a7d30bb8a4878e06b80cf16b898331&cid=52780111406277&ei=pVz4W9jiG4SP3QHftI_oAQ&url=https://www.straitstimes.com/asia/east-asia/china-reports-h5n6-bird-flu-outbreak-in-jiangsu-province;22-nov-18;Breaking;Relevant;yes;243659;8/15/19 14:46;;;;;;Google News;120.014603;32.9902;131;48,63
HealthMap;"Yunlin County; Taiwan";China;Avian Influenza H5N2;Ducks (domestic);6197582;focustaiwan;http://focustaiwan.tw/news/asoc/201812080014.aspx;08-Dec-18;Breaking;Relevant;yes;238850;08/09/2019 15:56;;;;;;Google News;120.333336;23.666668;244;4,31
HealthMap;Vietnam;Vietnam;Avian Influenza;Poultry (domestic);6203505;vietnamnews;http://vietnamnews.vn/society/481775/provinces-take-steps-to-control-avian-flu-outbreak.html;10-Dec-18;Breaking;Irrelevant;no;;12/11/2018 10:52;;;;;;Google News;108.457001;14.9447;70;72,55
HealthMap;"Odisha State; India";India;Avian Influenza;Poultry (domestic);6205127;newindianexpress;http://www.newindianexpress.com/states/odisha/2018/dec/12/bird-flu-alert-in-bhitarkanika-1910446.html;12-Dec-18;Breaking;Irrelevant;no;;12/12/2018 13:32;;;;;;Google News;85.001404;20.752399;103;59,61
HealthMap;"Puri; Orissa; India";India;Avian Influenza;Poultry (domestic);6207202;kalingatv;https://kalingatv.com/state/bird-flu-district-administration-orders-bird-culling-in-brahmagiri-from-tomorrow/;13-Dec-18;Breaking;Relevant;yes;243942;12/13/18 11:22;;20000;;;;Google News;85.824944;19.79825;94;63,14
HealthMap;"Puri; Orissa; India";India;Avian Influenza H5N1;Poultry (domestic);6210593;twitter;https://twitter.com/crof/statuses/1073967493985824768;15-Dec-18;Breaking;Relevant;yes;243942;08/09/2019 09:58;;;;;;Twitter;85.824944;19.79825;94;63,14
HealthMap;"Puri; Orissa; India";India;Avian Influenza;Poultry (domestic);6215116;odishabytes;http://www.odishabytes.com/bird-flu-situation-in-krushnaprasad-block-alarming-minister/;19-Dec-18;Breaking;Relevant;yes;244806;12/19/18 11:31;;;;;;Google News;85.824944;19.79825;94;63,14
HealthMap;"Kendrapara; Orissa; India";India;Avian Influenza;Poultry (domestic);6216960;downtoearth;https://www.downtoearth.org.in/news/wildlife-biodiversity/chilika-bird-flu-scare-veterinarians-collect-poop-of-migratory-birds-cull-poultry-62558;20-Dec-18;Warning;Relevant;yes;244981;08/02/2019 11:24;;;;;;Google News;86.42627;20.49918;150;41,18
HealthMap;"Bihar; India";India;Avian Influenza;Poultry (domestic);6218937;indiatimes;https://timesofindia.indiatimes.com/city/patna/bird-flu-culling-of-birds-ordered-in-bihars-munger/articleshow/67195796.cms;21-Dec-18;Breaking;Relevant;yes;244809;12/23/18 7:33;;;;;;Google News;85.75;25.75;149;41,57
HealthMap;"Bihar; India";India;Avian Influenza H5N1;Humans;6219155;uniindia;http://www.uniindia.com/h5n1-virus-detected-in-bihar-s-munger-district/east/news/1445296.html;21-Dec-18;Breaking;Relevant;no;;12/24/18 10:17;;;;;;Google News;85.75;25.75;149;41,57
HealthMap;"Munger; Bihār; India";India;Avian Influenza H5N1;Birds;6219155;uniindia;http://www.uniindia.com/h5n1-virus-detected-in-bihar-s-munger-district/east/news/1445296.html;21-Dec-18;Breaking;Relevant;yes;;12/24/18 10:17;;;;;;Google News;86.466667;25.383333;159;37,65
HealthMap;"Patna; Bihār; India";India;Avian Influenza;Peacocks;6222787;indiatimes;https://timesofindia.indiatimes.com/city/ranchi/jharkhand-zoos-on-alert-following-bird-flu-outbreak-in-patna/articleshow/67243927.cms;25-Dec-18;Breaking;Relevant;yes;244978;12/29/18 9:07;;;;;;Google News;85.116997;25.6;139;45,49
HealthMap;"Bihar; India";India;Avian Influenza;Poultry (domestic);6225831;promedmail;http://promedmail.org/direct.php?id=20181229.6225831;29-Dec-18;Warning;Relevant;yes;244978;08/01/2019 18:46;;;;;;ProMED South Asia;85.75;25.75;149;41,57
HealthMap;"Patna; Bihār; India";India;Avian Influenza;Poultry (domestic);6228090;indiatimes;https://timesofindia.indiatimes.com/city/patna/govt-advisory-to-all-districts-against-bird-flu/articleshow/67261553.cms;26-Dec-18;Warning;Relevant;yes;244978;08/01/2019 11:22;;;;;;Google News;85.116997;25.6;139;45,49
HealthMap;"Jharkhand State; India";India;Avian Influenza;Poultry (domestic);6230772;moveefy;https://moveefy.com/2018/12/27/jharkhand-zoos-on-alert-following-bird-flu-outbreak-in-patna/;27-Dec-18;Breaking;Relevant;no;;08/01/2019 14:12;;;;;;Google News;85.5;23.75;104;59,22
HealthMap;"Patna; Bihār; India";India;Avian Influenza;Peacocks;6230772;moveefy;https://moveefy.com/2018/12/27/jharkhand-zoos-on-alert-following-bird-flu-outbreak-in-patna/;27-Dec-18;Breaking;Relevant;no;;08/01/2019 14:12;;;;6;;Google News;85.116997;25.6;139;45,49
HealthMap;"Patna; Bihār; India";India;Avian Influenza H5N1;Peacocks;6231463;twitter;https://twitter.com/Fla_Medic/statuses/1077571254205538304;25-Dec-18;Breaking;Relevant;yes;;08/01/2019 14:05;;;;6;;Twitter;85.116997;25.6;139;45,49
HealthMap;"Patna; Bihar; India";India;Avian Influenza H5N1;Peacocks;6231468;twitter;https://twitter.com/FluTrackers/statuses/1077629051630702593;25-Dec-18;Breaking;Relevant;yes;244978;08/01/2019 14:03;;;;6;;Twitter;83.75135;26.029247;80;68,63
HealthMap;"Patna; Bihār; India";India;Avian Influenza;Peacocks;6231468;twitter;https://twitter.com/FluTrackers/statuses/1077629051630702593;25-Dec-18;Breaking;Relevant;yes;244978;08/01/2019 14:03;;;;;;Twitter;85.116997;25.6;139;45,49
HealthMap;"Patna; Bihār; India";India;Avian Influenza H5N1;Peacocks;6237340;twitter;https://twitter.com/crof/statuses/1079877585474076672;31-Dec-18;Warning;Relevant;yes;244979;08/01/2019 11:43;;;;8;;Twitter;85.116997;25.6;139;45,49
HealthMap;"Patna; Bihār; India";India;Avian Influenza;Peacocks;6239405;zeenews;http://zeenews.india.com/video/india/morning-breaking-patna-zoo-closed-after-strains-of-avian-influenza-virus-found-in-dead-peacocks-2167175.html;31-Dec-18;Breaking;Relevant;yes;;08/02/2019 09:13;;;;;;Google News;85.116997;25.6;139;45,49
HealthMap;"Patna; Bihār; India";India;Avian Influenza H5N1;Birds;6239809;twitter;https://twitter.com/crof/statuses/1079877585474076672;31-Dec-18;Warning;Relevant;yes;244978;08/01/2019 11:08;;;;8;;Twitter;85.116997;25.6;139;45,49
HealthMap;"Patna; Bihār; India";India;Avian Influenza;Crows;6242315;moveefy;https://moveefy.com/2019/01/04/bird-flu-more-crows-die-in-patna-nawada/;04-janv-19;Breaking;Relevant;yes;;01/06/2019 17:26;;;;;;Google News;85.116997;25.6;139;45,49
HealthMap;"Bihar; India";India;Avian Influenza;Chicken;6244406;indiatoday;https://www.indiatoday.in/india/story/bihar-bird-flu-h1n1-h5n1-patna-zoo-peacocks-death-1424694-2019-01-06;06-janv-19;Breaking;Relevant;yes;244979;01/07/2019 19:19;;;;;;Google News;85.75;25.75;149;41,57
HealthMap;"Bihar; India";India;Avian Influenza;Crows;6245026;thehindu;https://www.thehindu.com/news/national/other-states/dead-crows-trigger-bird-flu-scare-in-bihar/article25926830.ece;06-janv-19;Breaking;Irrelevant;no;;01/07/2019 19:35;;;;;;Google News;85.75;25.75;149;41,57
HealthMap;"Long An Province; Vietnam";Vietnam;Avian Influenza;Poultry (domestic);6245522;xinhuanet;http://www.xinhuanet.com/english/2019-01/07/c_137725710.htm;06-janv-19;Breaking;Relevant;no;;01/07/2019 14:58;;;;;;Google News;106.166664;10.666667;174;31,76
HealthMap;"Gangwon Province; South Korea";South Korea;Avian Influenza;Birds;6251032;yna;https://en.yna.co.kr/view/AEN20190110004000320;10-janv-19;Warning;Relevant;yes;246689;08/01/2019 07:50;;;;;;Google News;128.316574;37.827202;67;73,73
HealthMap;"Bihar; India";India;Avian Influenza;Poultry (domestic);6252565;dailypioneer;https://www.dailypioneer.com/2019/state-editions/kondagaon-put-on-alert-after-bird-flu-outbreak-in-bihar.html;11-janv-19;Breaking;Irrelevant;no;;7/31/19 11:42;;;;;;Google News;85.75;25.75;149;41,57
HealthMap;"East Singhbhum; Jharkhand; India";India;Avian Influenza;Poultry (domestic);6255366;indiatimes;https://timesofindia.indiatimes.com/city/jamshedpur/bird-flu-alert-in-e-singhbhum-dist/articleshow/67493584.cms;12-janv-19;Warning;Irrelevant;no;;1/13/19 6:32;;;;;;Google News;86.499657;22.486675;138;45,88
HealthMap;"Banka; Bihar; India";India;Avian Influenza;Poultry (domestic);6255423;business-standard;https://www.business-standard.com/article/pti-stories/samples-collected-from-banka-found-positive-for-bird-flu-119011200711_1.html;12-janv-19;Breaking;Relevant;yes;244978;1/13/19 6:34;;;;;;Google News;86.984253;24.892139;115;54,9
HealthMap;"Bihar; India";India;Avian Influenza;Poultry (domestic);6262287;uniindia;http://www.uniindia.com/bird-flu-virus-found-in-bihar/east/news/1466271.html;12-janv-19;Breaking;Relevant;no;;7/29/19 16:10;;;;;;Google News;85.75;25.75;149;41,57
HealthMap;"Gaya; Bihar; India";India;Avian Influenza;Poultry (domestic);6267299;indiatimes;https://timesofindia.indiatimes.com/city/patna/dead-crows-in-gaya-spark-bird-flu-fears/articleshow/67604793.cms;19-janv-19;Warning;Irrelevant;no;;1/21/19 11:29;;;;;;Google News;85;24.783331;133;47,84
HealthMap;South Korea;South Korea;Avian Influenza H7N9;Birds;6276906;twitter;https://twitter.com/Fla_Medic/statuses/1088749077934817280;25-janv-19;Warning;Relevant;yes;245752;7/29/19 10:51;;;;;;Twitter;127.726997;36.615501;57;77,65
HealthMap;Taiwan;China;Avian Influenza;Poultry (domestic);6279383;focustaiwan;http://focustaiwan.tw/news/asoc/201901260015.aspx;26-janv-19;Warning;Relevant;yes;246066;1/27/19 9:36;;;;;;Google News;121.016998;23.873001;72;71,76
HealthMap;"Xinfeng Town; Hsinchu County; Taiwan";China;Avian Influenza;Poultry (domestic);6280498;twitter;https://twitter.com/FluTrackers/statuses/1089573937816748032;17-janv-19;Warning;Relevant;yes;246066;7/29/19 10:26;;;;;;Twitter;120.9991;24.913286;188;26,27
HealthMap;"Cuttack; Orissa; India";India;Avian Influenza;Poultry (domestic);6281111;odishabytes;http://www.odishabytes.com/bird-flu-scare-in-niali-block-in-cuttack/;28-janv-19;Warning;Relevant;yes;244981;7/29/19 10:12;;55;;;;Google News;85.879272;20.464973;142;44,31
HealthMap;"Yunlin County; Taiwan";China;Avian Influenza;Poultry (domestic);6284159;focustaiwan;http://focustaiwan.tw/news/asoc/201901290019.aspx;29-janv-19;Breaking;Relevant;yes;247850;7/28/19 13:26;;;;;;Google News;120.333336;23.666668;244;4,31
HealthMap;"Changde; Hunan Province; China";China;Avian Influenza H9N2;Humans;6293216;outbreaknewstoday;http://outbreaknewstoday.com/h9n2-avian-influenza-case-reported-china-7th-case-2018/;10-Feb-18;Breaking;Relevant;no;;7/25/19 15:39;;;1;;;Google News;111.678299;29.046379;191;25,1
HealthMap;"Bokaro; Jharkhand; India";India;Avian Influenza;Poultry (domestic);6307967;indiatimes;https://timesofindia.indiatimes.com/city/ranchi/bird-flu-confirmed-health-department-on-alert-to-check-spread/articleshow/67920356.cms;10-Feb-19;Breaking;Relevant;yes;246251;7/24/19 15:08;;;;;;Google News;85.966667;23.783331;146;42,75
HealthMap;"Ranchi; Jharkhand; India";India;Avian Influenza;Poultry (domestic);6307967;indiatimes;https://timesofindia.indiatimes.com/city/ranchi/bird-flu-confirmed-health-department-on-alert-to-check-spread/articleshow/67920356.cms;10-Feb-19;Breaking;Relevant;yes;247632;7/24/19 15:08;;;;;;Google News;85.309563;23.344101;129;49,41
HealthMap;"Bokaro; Jharkhand; India";India;Avian Influenza;Crows;6307967;indiatimes;https://timesofindia.indiatimes.com/city/ranchi/bird-flu-confirmed-health-department-on-alert-to-check-spread/articleshow/67920356.cms;10-Feb-19;Breaking;Relevant;yes;247631;7/24/19 15:08;;;;;;Google News;85.966667;23.783331;146;42,75
HealthMap;"Bokaro; Jharkhand; India";India;Avian Influenza;Crows;6308893;telegraphindia;https://www.telegraphindia.com/states/jharkhand/bird-flu-alert-in-bokaro-after-crows-start-dropping-dead/cid/1684162;10-Feb-19;Warning;Relevant;yes;247631;7/24/19 14:28;;;;;;Google News;85.966667;23.783331;146;42,75
HealthMap;"Ranchi; Jharkhand; India";India;Avian Influenza;Crows;6308893;telegraphindia;https://www.telegraphindia.com/states/jharkhand/bird-flu-alert-in-bokaro-after-crows-start-dropping-dead/cid/1684162;10-Feb-19;Warning;Relevant;yes;247631;7/24/19 14:28;;;;;;Google News;85.309563;23.344101;129;49,41
HealthMap;"Godda; Jharkhand; India";India;Avian Influenza;Poultry (domestic);6311752;hindustantimes;https://www.hindustantimes.com/ranchi/jharkhand-on-alert-as-sample-tests-positive-for-bird-flu/story-CrQapvW5VkU9fdMuTTDHoJ.html;12-Feb-19;Breaking;Relevant;no;;7/24/19 14:16;;;;;;Google News;87.301613;24.785069;76;70,2
HealthMap;"Mehrma; Jharkhand; India";India;Avian Influenza;Poultry (domestic);6314472;twitter;https://twitter.com/FluTrackers/statuses/1095709186221096961;12-Feb-19;Warning;Relevant;no;;7/24/19 13:55;;;;;;Twitter;87.36731;25.20048;132;48,24
HealthMap;"Lampung; Indonesia";Indonesia;Avian Influenza;Poultry (domestic);6316783;twitter;https://twitter.com/ironorehopper/statuses/1096075775881723904;14-Feb-19;Breaking;Relevant;no;;7/24/19 13:31;;;;;;Twitter;105.26667;-5.45;102;60
HealthMap;"Lampung; Indonesia";Indonesia;Avian Influenza H5N1;Poultry (domestic);6316783;twitter;https://twitter.com/ironorehopper/statuses/1096075775881723904;14-Feb-19;Breaking;Relevant;no;;7/24/19 13:31;;;;;;Twitter;105.26667;-5.45;102;60
HealthMap;"Changhua County; Taiwan";China;Avian Influenza;Poultry (domestic);6323366;focus taiwan;http://focustaiwan.tw/news/asoc/201902180023.aspx;18-Feb-19;Breaking;Relevant;no;;2/18/19 20:23;;;;;;Google News;120.481842;23.992973;215;15,69
HealthMap;"Changhua County; Taiwan";China;Avian Influenza;Poultry (domestic);6324333;taiwannews;https://www.taiwannews.com.tw/en/news/3641183;18-Feb-19;Breaking;Relevant;no;;7/24/19 12:02;;;;340;;Google News;120.481842;23.992973;215;15,69
HealthMap;"Yunnan Province; China";China;Avian Influenza;Poultry (domestic);6330863;physiciansweekly;https://www.physiciansweekly.com/china-reports-new-bird/;22-Feb-19;Breaking;Relevant;yes;247622;7/24/19 10:17;;;463;463;;Google News;101.997002;25.005899;104;59,22
HealthMap;Vietnam;Vietnam;Avian Influenza H5N6;Chicken;6356822;xinhuanet;http://www.xinhuanet.com/english/2019-03/08/c_137879213.htm;08-mars-19;Breaking;Relevant;no;;03/10/2019 11:18;;;;;;Google News;108.457001;14.9447;70;72,55
HealthMap;"Kathmandu; Central Region; Nepal";Nepal;Avian Influenza;Poultry (domestic);6372413;setopati;https://setopati.net/social/142157;17-mars-19;Warning;Relevant;yes;249487;7/22/19 11:42;;;;;;Google News;85.316666;27.716667;133;47,84
HealthMap;Vietnam;Vietnam;Avian Influenza;Poultry (domestic);6382811;vietnamplus;https://en.vietnamplus.vn/399-districts-identified-as-high-risk-areas-for-bird-flu/148766.vnp;24-mars-19;Warning;Relevant;no;;4/20/19 22:43;;;;;;Google News;108.457001;14.9447;70;72,55
HealthMap;Vietnam;Vietnam;Avian Influenza;Poultry (domestic);6383759;elevenmyanmar;https://elevenmyanmar.com/news/399-districts-identified-as-high-risk-areas-for-bird-fluasianewsnetwork;23-mars-19;Warning;Relevant;no;;7/22/19 10:25;;;;;;Google News;108.457001;14.9447;70;72,55
HealthMap;"Jiangsu Province; China";China;Avian Influenza H9N2;Humans;6390848;twitter;https://twitter.com/FluTrackers/statuses/1110931319436005376;27-mars-19;Breaking;Relevant;no;;7/22/19 8:46;;;1;;;Twitter;120.014603;32.9902;131;48,63
HealthMap;"Liaoning Province; China";China;Avian Influenza H5N1;Poultry (domestic);6399058;trust;http://news.trust.org/item/20190402025734-xjtxc/;04-Apr-19;Breaking;Relevant;yes;250118;7/19/19 16:03;;;;;;Google News;123.002899;41.013;98;61,57
HealthMap;"Gansu Province; China";China;Avian Influenza H7N9;Humans;6406033;outbreaknewstoday;http://outbreaknewstoday.com/h7n9-avian-influenza-reported-gansu-china-1st-human-case-2019/;05-Apr-19;Breaking;Relevant;no;;7/19/19 13:47;;;1;;;Google News;102;38;39;84,71
HealthMap;"Chhukha District; Bhutan";Bhutan;Avian Influenza H5N1;Poultry (domestic);6418964;promedmail;http://promedmail.org/direct.php?id=20190413.6418964;13-Apr-19;No Tag;Relevant;yes;251274;7/19/19 10:55;;;264;264;;ProMED Mail;89.583328;27.066669;82;67,84
HealthMap;"Takeo Province; Cambodia";Cambodia;Avian Influenza H5N6;Poultry (domestic);6430421;xinhuanet;http://www.xinhuanet.com/english/2019-04/19/c_137990592.htm;19-Apr-19;Breaking;Relevant;yes;251626;7/18/19 16:16;;;;;;Google News;104.782997;10.983;149;41,57
HealthMap;"Kathmandu; Central Region; Nepal";Nepal;Avian Influenza H5N1;Humans;6452479;leadership;https://leadership.ng/2019/05/02/man-dies-of-bird-flu-report/;02-May-19;Breaking;Relevant;yes;252247;8/28/19 16:11;;;1;1;;Google News;85.316666;27.716667;133;47,84
HealthMap;Nepal;Nepal;Avian Influenza H5N1;Humans;6452696;twitter;https://twitter.com/ironorehopper/statuses/1123966598199554054;02-May-19;Breaking;Relevant;no;252247;7/17/19 11:45;;;1;1;;Twitter;83.938553;28.25301;140;45,1
HealthMap;"Kavrepalanchok; Nepal";Nepal;Avian Influenza H5N1;Humans;6455294;outbreaknewstoday;http://outbreaknewstoday.com/nepal-reports-1st-human-h5n1-avian-influenza-death-28437/;03-May-19;Breaking;Relevant;yes;252247;7/17/19 11:14;;;1;1;;Google News;85.561211;27.525942;141;44,71
HealthMap;Nepal;Nepal;Avian Influenza;Humans;6496096;hymalaian times;https://thehimalayantimes.com/opinion/first-bird-flu-death-what-next/;31-May-19;Breaking;Relevant;yes;252247;07/12/2019 16:02;;;;1;;Google News;83.938553;28.25301;140;45,1
HealthMap;"Kathmandu; Central Region; Nepal";Nepal;Avian Influenza;Crows;6496096;hymalaian times;https://thehimalayantimes.com/opinion/first-bird-flu-death-what-next/;31-May-19;Breaking;Relevant;yes;249548;07/12/2019 16:02;;;;;;Google News;85.316666;27.716667;133;47,84
HealthMap;"Changhua County; Taiwan";China;Avian Influenza;Poultry (domestic);6533444;focus taiwan;http://focustaiwan.tw/news/asoc/201906220013.aspx;22-juin-19;Breaking;Relevant;yes;254656;07/11/2019 14:26;;;;;;Google News;120.481842;23.992973;215;15,69
PadiWeb;Nghe An Province ;Vietnam ;Avian Influenza H5N6;Ducks (domestic);5340f7ff9e;vnexpress international;http://news.google.com/news/url?sa=t&fd=R&ct2=us&usg=AFQjCNHUBNtKhuLNUopAl8135TUuqmJhKg&clid=c3a7d30bb8a4878e06b80cf16b898331&ei=B_5jW9DlDc-2zAbHl6WQBQ&url=https://e.vnexpress.net/news/news/bird-flu-scare-sends-thousands-of-ducklings-to-their-death-in-vietnam-3786617.html;2-Aug-18;;Relevant;yes;238790;;;;;;;;105.5515;19.0306;145;43,14
PadiWeb;Nghe An Province ;Vietnam ;Avian Influenza H5N6;Backyard bird;62c651df87;reuters;https://www.reuters.com/article/us-health-birdflu-vietnam/vietnam-reports-three-outbreaks-of-highly-pathogenic-bird-flu-ie-idUSKBN1KO1VN;3-Aug-18;;Relevant;yes;238790;;;;;;;;105.5516;19.0307;145;43,14
PadiWeb;Nghe An Province ;Vietnam ;Avian Influenza H5N6;Backyard bird;5OEBL52G86;express;https://www.express.co.uk/news/world/998631/bird-flu-virus-vietnam-h5n6-infection-bird-flu-outbreak-latest;3-Aug-18;;Relevant;yes;238790;;;;;;;;105.5517;19.0308;145;43,14
PadiWeb;Sabbah;Malaysia;Avian Influenza;Poultry (domestic);XLBK2D23KA;thestar;https://www.thestar.com.my/news/nation/2018/08/04/caution-advised-for-sabahs-poultry-farmers-after-one-bird-flu-case-reported-near-kk/;4-Aug-18;;Relevant;yes;239196;;;;;;;;116.2288;6.06640;86;66,27
PadiWeb;Hai Phong;Vietnam ;Avian Influenza H5N6;Backyard bird;a4d1d4592c;vnexpress international;http://news.google.com/news/url?sa=t&fd=R&ct2=us&usg=AFQjCNHBxnSZO1CR0SisBDcTIsW5tVhBKQ&clid=c3a7d30bb8a4878e06b80cf16b898331&cid=52779993615001&ei=ifJnW8iUG4_6zAae_LrYAg&url=https://www.deccanchronicle.com/lifestyle/health-and-wellbeing/060818/vietnam-reports-three-outbreaks-of-highly-pathogenic-bird-flu.html;5-Aug-18;;Relevant;yes;238590;;;;;;;;106.609;20.9105;228;10,59
PadiWeb;Sabbah;Malaysia;Avian Influenza;Chicken;db0e1d1f0a;theborneopost;http://news.google.com/news/url?sa=t&fd=R&ct2=us&usg=AFQjCNEgbN2_VSW68pPtCh_bEqdbqqFWMA&clid=c3a7d30bb8a4878e06b80cf16b898331&ei=ifJnW8iUG4_6zAae_LrYAg&url=http://www.theborneopost.com/2018/08/06/special-team-up-to-handle-bird-flu-outbreak/;6-Aug-18;;Relevant;yes;239196;;;;;;;;116.2288;6.06640;86;66,27
PadiWeb;Sabbah;Malaysia;Avian Influenza H5N1;Chicken;QC919HLXQZ;reuters;https://www.reuters.com/article/us-health-health-birdflu-malaysia/malaysia-reports-h5n1-bird-flu-outbreak-on-farm-oie-idUSKBN1KR13M;6-Aug-18;;Relevant;yes;238793;;;;;;;;116.229785;6.105563;104;59,22
PadiWeb;Sabbah;Malaysia;Avian Influenza H5N1;Poultry (domestic);NCX7494XEU;channelnewsasia;https://www.channelnewsasia.com/news/world/malaysia-reports-h5n1-bird-flu-outbreak-on-farm---oie-10593948;6-Aug-18;;Relevant;yes;238793;;;;;;;;116.229786;6.105564;104;59,22
PadiWeb;Sabbah;Malaysia;Avian Influenza H5N1;Chicken;6ef1cd0ce0;vnexpress international;http://news.google.com/news/url?sa=t&fd=R&ct2=us&usg=AFQjCNEDbi8CT2ptzkiPBVR1f8pTJnq7wQ&clid=c3a7d30bb8a4878e06b80cf16b898331&cid=52779993405654&ei=RUVpW8jiAdHtzAaaubSIBw&url=https://www.devdiscourse.com/Article/103442-all-about-britains-organ-donation-scheme-argentine-abortion-bill-malaysias-bird-flu-outbreak;6-Aug-18;;Relevant;yes;239196;;;;;;;;116.2288;6.06640;86;66,27
PadiWeb;Sabbah;Malaysia;Avian Influenza H5N1;Chicken;b92766face;go6ble.com/news/url?sa=t&fd=R&ct2=us&usg=AFQjCNGAXNlT9TSlNKMvtH8ygndO5hN_3Q&clid=c3a7d30bb8a4878e06b80cf16b898331&cid=52779994251634&ei=C0RpW7jqDtHtzAaaubSIBw&url=https://www.themalaysianinsight.com/s/85408glogKMv;http://news.google.com/news/url?sa=t&fd=R&ct2=us&usg=AFQjCNGAXNlT9TSlNKMvtH8ygndO5hN_3Q&clid=c3a7d30bb8a4878e06b80cf16b898331&cid=52779994251634&ei=C0RpW7jqDtHtzAaaubSIBw&url=https://www.themalaysianinsight.com/s/85408;6-Aug-18;;Relevant;yes;239196;;;;;;;;116.2288;6.06640;86;66,27
PadiWeb;Sabbah;Malaysia;Avian Influenza;Chicken;b019dcb030;vnexpress international;http://news.google.com/news/url?sa=t&fd=R&ct2=us&usg=AFQjCNFP5dLuQE7_ut9w20FMnckbHeig0g&clid=c3a7d30bb8a4878e06b80cf16b898331&cid=52779994251634&ei=i5VqW9idMo_6zAae_LrYAg&url=http://www.theborneopost.com/2018/08/07/10000-chickens-culled-to-contain-bird-flu-situation/;6-Aug-18;;Relevant;yes;238793;;;;;;;;116.229785;6.105563;104;59,22
PadiWeb;Sabbah;Malaysia;Avian Influenza;Chicken;84a529e3e0;yahoo;http://news.google.com/news/url?sa=t&fd=R&ct2=us&usg=AFQjCNEWUatjd4PH2iXEw7573h42fgv5Nw&clid=c3a7d30bb8a4878e06b80cf16b898331&cid=52779995083500&ei=C0RpW7jqDtHtzAaaubSIBw&url=https://sg.news.yahoo.com/sarawak-bans-poultry-sabah-bird-025410904.html;7-Aug-18;;Relevant;yes;238793;;;;;;;;116.229786;6.105564;104;59,22
PadiWeb;Sabbah;Malaysia;Avian Influenza;Chicken;4R233CGFXA;reuters;https://www.reuters.com/article/us-health-birdflu-malaysia-hongkong/hong-kong-suspends-imports-of-chicken-eggs-from-malaysian-state-after-bird-flu-outbreak-idUSKBN1KS1GL;7-Aug-18;;Relevant;yes;238793;;;;;;;;116.229786;6.105564;104;59,22
PadiWeb;Sabbah;Malaysia;Avian Influenza H5N1;Chicken;NE2RP7X9IN;thestar;https://www.thestar.com.my/news/nation/2018/08/07/sabah-health-dept-fully-prepared-to-handle-bird-flu-outbreak-at-village-near-tuaran/;7-Aug-18;;Relevant;yes;238794;;;;;;;;116.229787;6.105565;104;59,22
PadiWeb;Sabbah;Malaysia;Avian Influenza;Chicken;c2a25447a7;vnexpress international;http://news.google.com/news/url?sa=t&fd=R&ct2=us&usg=AFQjCNFUwTI4qptFSbDr5G-jXk-AZWnm5Q&clid=c3a7d30bb8a4878e06b80cf16b898331&cid=52779996163813&ei=i5VqW9idMo_6zAae_LrYAg&url=https://www.reuters.com/article/us-health-birdflu-malaysia-hongkong/hong-kong-suspends-imports-of-chicken-eggs-from-malaysian-state-after-bird-flu-outbreak-idUSKBN1KS1GL;7-Aug-18;;Relevant;yes;238793;;;;;;;;116.229787;6.105565;104;59,22
PadiWeb;Sabah;Malaysia, Sabbah;Avian Influenza;chicken;7eda40ca2e;themalaysianinsight.com/s;http://news.google.com/news/url?sa=t&fd=R&ct2=us&usg=AFQjCNGEaOzLThnwo1WCXgCMUwYmUqUCbQ&clid=c3a7d30bb8a4878e06b80cf16b898331&ei=DedrW4HMOtHtzAaaubSIBw&url=https://www.themalaysianinsight.com/s/86020;8-Aug-18;;Relevant;yes;238793;;;;;;;;116.229786;6.105564;104;59,22
PadiWeb;Sabbah;UAE/Malaysia;Avian Influenza H5N1;Chicken;0732a35fad;google;http://news.google.com/news/url?sa=t&fd=R&ct2=us&usg=AFQjCNGNby3zCWK4v2oY89jss8rZf9Wv8A&clid=c3a7d30bb8a4878e06b80cf16b898331&cid=52779997938562&ei=jzhtW6irCc-2zAbHl6WQBQ&url=http://gulfbusiness.com/uae-bans-import-live-birds-east-malaysia-bird-flu-fears/;9-Aug-18;;Relevant;;;;;;;;;;116.229786;6.105564;104;59,22
PadiWeb;Kampung Kauluan;Malaysia, Sabbah;Avian Influenza;Chicken;8796272367;theborneopost;http://news.google.com/news/url?sa=t&fd=R&ct2=us&usg=AFQjCNGNAFX3E3BHfnBlxkR1PEh2tabLSQ&clid=c3a7d30bb8a4878e06b80cf16b898331&ei=jzhtW6irCc-2zAbHl6WQBQ&url=http://www.theborneopost.com/2018/08/10/dvs-takes-preventive-measures-to-stop-bird-flu-spread/;9-Aug-18;;Relevant;yes;238793;;;;;;;;116.229785;6.105563;104;59,22
PadiWeb;Kampung Kauluan;Malaysia, Sabbah;Avian Influenza;chicken;7943f8295e;theborneopost;http://news.google.com/news/url?sa=t&fd=R&ct2=us&usg=AFQjCNG_DCjuoysOMnImf0fNjF2GAL3FQA&clid=c3a7d30bb8a4878e06b80cf16b898331&ei=jzhtW6irCc-2zAbHl6WQBQ&url=http://www.theborneopost.com/2018/08/10/sarawak-still-free-from-avian-flu-disease/;9-Aug-18;;Relevant;yes;238793;;;;;;;;116.229786;6.105564;104;59,22
PadiWeb;Kampung Kauluan;Malaysia, Sabbah;Avian Influenza;Poultry (domestic);WKH0YSCLZX;thestar;https://www.thestar.com.my/news/nation/2018/08/13/sabah-halts-all-poultry-exports-following-bird-flu-detection-in-tuaran/;13-Aug-18;;Relevant;yes;238793;;;;;;;;116.229787;6.105565;104;59,22
PadiWeb;Kampung Kauluan;Malaysia, Sabbah;Avian Influenza H5N1;Poultry (domestic);2116348b50;vnexpress international;http://news.google.com/news/url?sa=t&fd=R&ct2=us&usg=AFQjCNEBp4RTv4jO2P-5b45ru2cXR6IEHw&clid=c3a7d30bb8a4878e06b80cf16b898331&cid=52780003510011&ei=FdBzW-CzDtHtzAaaubSIBw&url=http://www.thesundaily.my/news/2018/08/14/bird-flu-outbreak-well-contained-tuaran;14-Aug-18;;Relevant;yes;238793;;;;;;;;116.229787;6.105565;104;59,22
PadiWeb;Sabbah;Malaysia;Avian Influenza;Chicken;9ac19713ed;cidrap;http://news.google.com/news/url?sa=t&fd=R&ct2=us&usg=AFQjCNGVeZp7eCnPB0dWWoK9lFm-DfyI8Q&clid=c3a7d30bb8a4878e06b80cf16b898331&ei=0yF1W4DlCM-2zAbHl6WQBQ&url=http://www.cidrap.umn.edu/news-perspective/2018/08/news-scan-aug-15-2018;15-Aug-18;;Relevant;yes;238793;;;;;;;;116.229787;6.105565;104;59,22
PadiWeb;Kampung Kauluan;Malaysia, Sabbah;Avian Influenza H5N1;Birds;d5debe2b9b;vnexpress international;http://news.google.com/news/url?sa=t&fd=R&ct2=us&usg=AFQjCNHCEsKGq1cBils4LXttAkxLtpzT_w&clid=c3a7d30bb8a4878e06b80cf16b898331&ei=liF1W4jKHtHtzAaaubSIBw&url=http://www.freemalaysiatoday.com/category/nation/2018/08/16/wong-denies-bird-flu-in-sabah-due-to-ministrys-negligence/;15-Aug-18;;Relevant;yes;238793;;;;;;;;116.229785;6.105563;104;59,22
PadiWeb;Kampung Kauluan;Malaysia, Sabbah;Avian Influenza;Poultry (domestic);b168952ee5;vnexpress international;http://news.google.com/news/url?sa=t&fd=R&ct2=us&usg=AFQjCNGXMqmRw9-oSieGlXWTo2O6NcPBJw&clid=c3a7d30bb8a4878e06b80cf16b898331&cid=52780005166317&ei=liF1W4jKHtHtzAaaubSIBw&url=http://www.theedgemarkets.com/article/malaysia-clarify-bird-flu-outbreak-indonesia-following-poultry-ban;15-Aug-18;;Relevant;yes;238793;;;;;;;;116.229785;6.105563;104;59,22
PadiWeb;Guangxi Zhuangzu Zizhiqu;China Guangxi;Avian Influenza H5N1;Humans;7DJ6CPB7JU;oubtreaknewstoday;http://outbreaknewstoday.com/china-human-h5n6-avian-influenza-case-reported-guangxi-33168/;20-Aug-18;;Relevant;yes;239439;;;;;;;;109.776963;24.676294;102;60
PadiWeb;Phnom Penh;Cambodia;Avian Influenza H5N1;Poultry (domestic);a714367059;khmertimeskh.com;http://news.google.com/news/url?sa=t&fd=R&ct2=us&usg=AFQjCNH0kaTSxXIr8A-iLrINTJ8m9p4MHg&clid=c3a7d30bb8a4878e06b80cf16b898331&ei=qJaHW6CBCqfdzAao1ZTQBw&url=https://www.khmertimeskh.com/50528182/bird-flu-outbreak-in-tboung-khmum/;29-Aug-18;;Relevant;yes;249353;;;;;;;;104.921028;11.569583;154;39,61
PadiWeb;Sabbah;Malaysia;Avian Influenza H5N1;Poultry (domestic);262a288045;vnexpress international;http://news.google.com/news/url?sa=t&fd=R&ct2=us&usg=AFQjCNHQs87ZLRyTlSVGnIWOiEc34LdrgQ&clid=c3a7d30bb8a4878e06b80cf16b898331&cid=52780029559730&ei=LS6OW5jWNK6ezAaUlZCoAg&url=http://gulfbusiness.com/saudi-bans-import-live-birds-eggs-malaysia-bird-flu-concerns/;03-sept-18;;Relevant;;;;;;;;;;116.229787;6.105565;104;59,22
PadiWeb;Guizhou Sheng;China;Avian Influenza H5N6;Poultry (domestic);OMOKU2TVIH;reuters;https://www.reuters.com/article/us-china-health-birdflu-outbreak/china-reports-h5n6-bird-flu-case-on-poultry-farm-in-guizhou-province-idUSKCN1M90BN;29-sept-18;;Relevant;yes;240709;;;;;;;;106.665;25.832;59;76,86
PadiWeb;Guizhou Sheng;China;Avian Influenza H5N6;Poultry (domestic);08d1b73c62;vnexpress international;http://news.google.com/news/url?sa=t&fd=R&ct2=us&usg=AFQjCNEBd8MLBGHYP7O_cnigkpc-kBHdAg&clid=c3a7d30bb8a4878e06b80cf16b898331&cid=52780055552950&ei=CcaxW6DaFse-6QSuhJTACQ&url=https://www.devdiscourse.com/Article/health/201549-health-news-round-up-skin-cancer-drug-h5n6-bird-flu-african-swine-fever;30-sept-18;;Relevant;yes;240709;;;;;;;;106.665;25.832;59;76,86
PadiWeb;Guizhou Sheng;China;Avian Influenza H5N6;Poultry (domestic);VNRGK6G9Q9;cidrap;http://www.cidrap.umn.edu/news-perspective/2018/10/news-scan-oct-01-2018;01-oct-18;;Relevant;yes;240709;;;;;;;;106.665;25.832;59;76,86
PadiWeb;Guizhou Sheng;China;Avian Influenza H5N6;Poultry (domestic);de102937be;cidrap;http://news.google.com/news/url?sa=t&fd=R&ct2=us&usg=AFQjCNHCnnAHl1pUXejgTMdzQYtqzJYylw&clid=c3a7d30bb8a4878e06b80cf16b898331&ei=wxezW5C-L8aCmwXCga_ADw&url=http://www.cidrap.umn.edu/news-perspective/2018/10/news-scan-oct-01-2018;01-oct-18;;Relevant;yes;240709;;;;;;;;106.665;25.832;59;76,86
PadiWeb;Hunan Sheng;China;Avian Influenza H5N6;Poultry (domestic);AH6ECLFQB3;reuters;https://www.reuters.com/article/us-china-health-birdflu-outbreak/china-reports-new-h5n6-bird-flu-outbreak-in-hunan-province-idUSKCN1MJ150;09-oct-18;;Relevant;yes;240989;;;;;;;;109.392;27.809;86;66,27
PadiWeb;Hunan Sheng;China;Avian Influenza H5N6;Poultry (domestic);47cfa74f1a;physiciansweekly;http://news.google.com/news/url?sa=t&fd=R&ct2=us&usg=AFQjCNHZ48N2b81dhRovu-uMxBE9ghiTSg&clid=c3a7d30bb8a4878e06b80cf16b898331&cid=52780061392433&ei=lKO9W4jtPLKFmwWdkbDwDw&url=https://www.physiciansweekly.com/china-reports-new-h5n6/;09-oct-18;;Relevant;yes;240989;;;;;;;;109.392;27.809;86;66,27
PadiWeb;Hunan Sheng;China;Avian Influenza H5N6;Poultry (domestic);99c2f9b0be;vnexpress international;http://news.google.com/news/url?sa=t&fd=R&ct2=us&usg=AFQjCNGVMSrg2dLxRQjoY7IsVq4KnyhJSQ&clid=c3a7d30bb8a4878e06b80cf16b898331&cid=52780061392433&ei=GZjBW4C7FqPbzAa3qpCIBg&url=https://www.channelnewsasia.com/news/asia/china-reports-new-h5n6-bird-flu-outbreak-in-hunan-province-10808126;09-oct-18;;Relevant;yes;240989;;;;;;;;109.392;27.809;86;66,27
PadiWeb;Hunan Sheng;China;Avian Influenza H5N6;Poultry (domestic);1677b14c6f;shine;http://news.google.com/news/url?sa=t&fd=R&ct2=us&usg=AFQjCNH4cu1N6DAwBleq_wIK9ihI_1U5oA&clid=c3a7d30bb8a4878e06b80cf16b898331&cid=52780061392433&ei=ny_IW_CqK8iV-waBwry4CQ&url=https://www.shine.cn/news/nation/1810093207/;09-oct-18;;Relevant;yes;240989;;;;;;;;109.392;27.809;86;66,27
PadiWeb;Pintung County;Taiwan;Avian Influenza H5N2;Ducks (domestic);62PBGQO13D;cidrap;http://www.cidrap.umn.edu/news-perspective/2018/10/flu-scan-oct-10-2018;10-oct-18;;Relevant;;;;;;;;;;120.487928;22.682802;203;20,39
PadiWeb;Chungchongbuk-do;South Korea;Avian Influenza H5N2;wild birds;295b6d4f0f;yonhapnews;http://news.google.com/news/url?sa=t&fd=R&ct2=us&usg=AFQjCNEFWk7pz-CqPj8I_8cP8SQiLo2G2A&clid=c3a7d30bb8a4878e06b80cf16b898331&ei=ny_IW_CqK8iV-waBwry4CQ&url=http://english.yonhapnews.co.kr/news/2018/10/18/0200000000AEN20181018006100320.html;18-oct-18;;Relevant;yes;241860;;;;;;;;127.75;36.75;99;61,18
PadiWeb;Chungchongbuk-do;South Korea;Avian Influenza H5N2;wild birds;bafcbb05d8;google;http://news.google.com/news/url?sa=t&fd=R&ct2=us&usg=AFQjCNGI8P_joUNq9dLYDoXgcxwpnp8ohg&clid=c3a7d30bb8a4878e06b80cf16b898331&cid=52780069940897&ei=ny_IW_CqK8iV-waBwry4CQ&url=http://www.koreaherald.com/view.php?ud%3D20181018000554;18-oct-18;;Relevant;yes;241860;;;;;;;;127.75;36.75;99;61,18
PadiWeb;Hubei Provence;China;Avian Influenza H5N6;Birds;1374823c87;trust.org;http://news.google.com/news/url?sa=t&fd=R&ct2=us&usg=AFQjCNHHYfCgwDXl1BdyO9vyubaO88cVbA&clid=c3a7d30bb8a4878e06b80cf16b898331&ei=KGrRW4jKHsuB-waMhojYAQ&url=http://www.trust.org/item/20181024104623-nwk1m/;24-oct-18;;Relevant;;;;;;;;;;112.880642;31.15305;111;56,47
PadiWeb;Guangxi Zhuangzu Zizhiqu;China;Avian Influenza H5N6;Humans;DL0Y0Q8U0K;oubtreaknewstoday;http://outbreaknewstoday.com/h5n6-avian-influenza-death-reported-guangxi-china-73515/;31-oct-18;;Relevant;;;;;;;;;;108.632524;24.487992;166;34,9
PadiWeb;Yunnan;China;Avian Influenza H5N6;Poultry (domestic);AVVYKEXIIK;reuters;https://www.reuters.com/article/us-china-health-birdflu-outbreak/china-confirms-two-h5n6-bird-flu-outbreaks-in-yunnan-province-idUSKCN1NQ19P;21-nov-18;;Relevant;;;;;;;;;;102.0;25.0;101;60,39
PadiWeb;Jiangsu ;China;Avian Influenza H5N6;Poultry (domestic);0S50QEW63W;reuters;https://www.reuters.com/article/us-china-health-birdflu/china-reports-h5n6-bird-flu-outbreak-in-jiangsu-province-idUSKCN1NS03T;22-nov-18;;Relevant;;;;;;;;;;119.407766;32.396855;131;48,63
PadiWeb;Yunnan;China;Avian Influenza H5N6;Poultry (domestic);ER1XI2UREX;globaltimes;http://www.globaltimes.cn/content/1128555.shtml;22-nov-18;;Relevant;;;;;;;;;;102.0;25.0;101;60,39
PadiWeb;Yunnan;China;Avian Influenza H5N6;Poultry (domestic);3172eedbbc;go6ble.com/news/url?sa=t&fd=R&ct2=us&usg=AFQjCNEMHyn5_gBsicAETs21hiZZatOnng&clid=c3a7d30bb8a4878e06b80cf16b898331&ei=zLT3W9GgJMz9zAa5xLOgCw&url=http://www.globaltimes.cn/content/1128555.shtmlglogcAE;http://news.google.com/news/url?sa=t&fd=R&ct2=us&usg=AFQjCNEMHyn5_gBsicAETs21hiZZatOnng&clid=c3a7d30bb8a4878e06b80cf16b898331&ei=zLT3W9GgJMz9zAa5xLOgCw&url=http://www.globaltimes.cn/content/1128555.shtml;22-nov-18;;Relevant;;;;;;;;;;102.0;25.0;101;60,39
PadiWeb;Jiangsu ;China;Avian Influenza H5N6;Poultry (domestic);ae27f3ba54;vnexpress international;http://news.google.com/news/url?sa=t&fd=R&ct2=us&usg=AFQjCNHzpVH0MMq0uRMY2ef1mlh1iiu9_A&clid=c3a7d30bb8a4878e06b80cf16b898331&cid=52780111406277&ei=3bP3W_jjC5DzzQaGp7OgCw&url=https://www.reuters.com/article/us-china-health-birdflu/china-reports-h5n6-bird-flu-outbreak-in-jiangsu-province-idUSKCN1NS03T;23-nov-18;;Relevant;;;;;;;;;;119.407766;32.396855;131;48,63
PadiWeb;Jiangsu ;China;Avian Influenza H5N6;Poultry (domestic);fa5b050222;straitstimes;https://www.straitstimes.com/asia/east-asia/china-reports-h5n6-bird-flu-outbreak-in-jiangsu-province;23-nov-18;;Relevant;;;;;;;;;;119.407766;32.396855;131;48,63
PadiWeb;Chungcheong Province;South Korea;Avian Influenza H5;wild birds;bc3229c1c5;koreaherald;http://news.google.com/news/url?sa=t&fd=R&ct2=us&usg=AFQjCNEAHRnfZ41yroW6EI7tKH_uKXeHgw&clid=c3a7d30bb8a4878e06b80cf16b898331&cid=52780111796269&ei=XQX5W9j_O8zmzQaC7oOQAQ&url=http://www.koreaherald.com/view.php?ud%3D20181123000627;23-nov-18;;Relevant;;;;;;;;;;126.6729;36.6593;88;65,49
PadiWeb;Yunlin;Taiwan;Avian Influenza H5N2;Ducks (domestic);2d484d2732;tw/news/asoc/201812080014;http://focustaiwan.tw/news/asoc/201812080014.aspx;8-Dec-18;;Relevant;;;;;;;;;;120.524551;23.699078;222;12,94
PadiWeb;Yunlin;Taiwan;Avian Influenza H5N2;Ducks (domestic);b3c2de34aa;taiwannews;https://www.taiwannews.com.tw/en/news/3592630;8-Dec-18;;Relevant;;;;;;;;;;105.243525;9.990496;243;4,71
PadiWeb;Odisha;India;Avian Influenza H5N1;wild birds;5880149161;newindianexpress;http://www.newindianexpress.com/states/odisha/2018/dec/12/bird-flu-alert-in-bhitarkanika-1910446.html;12-Dec-18;;Relevant;;;;;;;;;;86.431706;20.500401;149;41,57
PadiWeb;Odisha;India;Avian Influenza H5N1;wild birds;8511500c73;newindianexpress;http://www.newindianexpress.com/states/odisha/2018/dec/12/bird-flu-alert-in-bhitarkanika-1910446.html;12-Dec-18;;Relevant;;;;;;;;;;86.431706;20.500401;149;41,57
PadiWeb;Puri;India;Avian Influenza H5N1;wild birds;9b2c677a23;odyshabytes;http://www.odishabytes.com/bird-flu-scare-adri-team-to-visit-chilika-lake/;13-Dec-18;;Relevant;;;;;;;;;;85.825254;19.807608;97;61,96
PadiWeb;Puri;India;Avian Influenza;Poultry (domestic);9KVYJ39GE9;obtshanewsinsight;https://odishanewsinsight.com/odisha/bird-flu-scare-grips-puri-village-eggs-off-school-meal/;13-Dec-18;;Relevant;;;;;;;;;;85.825254;19.807608;97;61,96
PadiWeb;Puri;India;Avian Influenza H5N1;Poultry (domestic);672f9e80da;buisnessinsider;https://www.business-standard.com/article/pti-stories/bird-flu-govt-orders-culling-of-chicken-in-4-villages-in-puri-district-118121300679_1.html;13-Dec-18;;Relevant;;;;;;;;;;85.825254;19.807608;97;61,96
PadiWeb;Puri;India;Avian Influenza H5N1;Poultry (domestic);838edd672e;telegraphindia;https://www.telegraphindia.com/states/odisha/bird-flu-govt-orders-culling-of-chicken-in-4-villages-in-puri-district/cid/1678666;13-Dec-18;;Relevant;;;;;;;;;;85.825254;19.807608;97;61,96
PadiWeb;Puri;India;Avian Influenza H5N1;Poultry (domestic);3a27f57729;indiatimes;https://timesofindia.indiatimes.com/city/bhubaneswar/bird-flu-odisha-govt-orders-culling-of-chicken-in-4-villages-in-puri/articleshow/67077881.cms;13-Dec-18;;Relevant;;;;;;;;;;85.825254;19.807608;97;61,96
PadiWeb;Puri;India;Avian Influenza H5N1;Poultry (domestic);fc8c58f63b;obtshatv;https://odishatv.in/odisha/bird-flu-detected-in-puri-culling-operation-to-be-intensified-339422;13-Dec-18;;Relevant;;;;;;;;;;85.825254;19.807608;97;61,96
PadiWeb;Puri;India;Avian Influenza H5N1;wild birds;47738356fa;thehindu;https://www.thehindu.com/news/national/other-states/migratory-birds-at-chilika-face-avian-flu-threat/article25736602.ece;13-Dec-18;;Relevant;;;;;;;;;;85.825254;19.807608;97;61,96
PadiWeb;Puri;India;Avian Influenza H5N1;wild birds;61b37241cf;newindianexpress;http://www.newindianexpress.com/states/odisha/2018/dec/14/bird-flu-govt-orders-culling-in-four-puri-villages-from-today-1911385.html;14-Dec-18;;Relevant;;;;;;;;;;85.825254;19.807608;97;61,96
PadiWeb;Puri;India;Avian Influenza H5N1;wild birds;405ada411d;dailypioneer;https://www.dailypioneer.com/2018/state-editions/bird-flu-scare-in-puri--alert-sounded.html;14-Dec-18;;Relevant;;;;;;;;;;85.825254;19.807608;97;61,96
PadiWeb;Puri;India;Avian Influenza H5N1;Poultry (domestic);9a81c93bb8;obtshatv;https://odishatv.in/odisha/bird-flu-outbreak-5-member-team-begins-chicken-culling-in-puri-339668;14-Dec-18;;Relevant;;;;;;;;;;85.825254;19.807608;97;61,96
PadiWeb;Puri;India;Avian Influenza H5N1;Poultry (domestic);e6e40fe619;thehindu;https://www.thehindu.com/news/national/other-states/culling-of-birds-begins-in-puri-district/article25746403.ece;14-Dec-18;;Relevant;;;;;;;;;;85.825254;19.807608;97;61,96
PadiWeb;Puri;India;Avian Influenza H5N1;Poultry (domestic);6a2071e953;newindianexpress;http://www.newindianexpress.com/states/odisha/2018/dec/15/steps-on-to-protect-nalabana-avian-guests-1911793.html;14-Dec-18;;Relevant;;;;;;;;;;85.825254;19.807608;97;61,96
PadiWeb;Puri;India;Avian Influenza H5N1;Poultry (domestic);8ecb1f43cd;ndtv;https://www.ndtv.com/india-news/culling-of-chickens-begins-near-chilika-lake-after-bird-flu-hits-odisha-1962922;14-Dec-18;;Relevant;;;;;;;;;;85.825254;19.807608;97;61,96
PadiWeb;Ganjam;India;Avian Influenza;Poultry (domestic);7b06de6fe8;timesofindia;https://timesofindia.indiatimes.com/city/bhubaneswar/vaccination-starts-in-ganjam-to-check-bird-flu-outbreak/articleshow/67097711.cms;15-Dec-18;;Relevant;;;;;;;;;;85.047104;19.412971;140;45,1
PadiWeb;Puri;India;Avian Influenza;wild birds;3ab4d24a09;obtshatv;https://odishatv.in/odisha/bird-flu-outbreak-mass-culling-continues-for-second-day-in-puri-339772;15-Dec-18;;Relevant;;;;;;;;;;85.047104;19.412971;140;45,1
PadiWeb;Taipei;India;Avian Influenza H5N2;Poultry (domestic);26b50829fa;focustaiwan;http://focustaiwan.tw/news/asoc/201812160012.aspx;16-Dec-18;;Relevant;;;;;;;;;;121.56368;25.03752;148;41,96
PadiWeb;Puri;India;Avian Influenza;Poultry (domestic);83032e61ff;obtshatv;https://odishatv.in/odisha/bird-flu-situation-remains-grim-in-puri-agriculture-minister-340478;18-Dec-18;;Relevant;;;;;;;;;;85.825254;19.807608;97;61,96
PadiWeb;Puri;India;Avian Influenza;Poultry (domestic);2dcde6c239;obtshatv;https://odishatv.in/odisha/bird-flu-outbreak-chicken-culling-operations-intensified-in-puri-340647;19-Dec-18;;Relevant;;;;;;;;;;85.825254;19.807608;97;61,96
PadiWeb;Puri;India;Avian Influenza;Poultry (domestic);e1c32faa0a;dailypioneer;https://www.dailypioneer.com/2018/state-editions/bird-flu-situation-grim-in-puri-district-in-odisha.html;19-Dec-18;;Relevant;;;;;;;;;;85.825254;19.807608;97;61,96
PadiWeb;Puri;India;Avian Influenza;wild birds;2abd944f1c;downtoearth;https://www.downtoearth.org.in/news/wildlife-biodiversity/chilika-bird-flu-scare-veterinarians-collect-poop-of-migratory-birds-cull-poultry-62558;20-Dec-18;;Relevant;;;;;;;;;;85.825254;19.807608;97;61,96
PadiWeb;Puri;India;Avian Influenza;Poultry (domestic);da67626051;obtshatv;https://odishatv.in/odisha/bird-flu-outbreak-culling-operations-continue-in-puri-340896;20-Dec-18;;Relevant;;;;;;;;;;85.825254;19.807608;97;61,96
PadiWeb;Puri;India;Avian Influenza;wild birds;L0YOZ67YA6;pragativadi;http://www.pragativadi.com/migratory-birds-of-chilika-not-affected-by-avian-influenza/;21-Dec-18;;Relevant;;;;;;;;;;85.825254;19.807608;97;61,96
PadiWeb;Bihar (Munger);India;Avian Influenza H5N1;Poultry (domestic);2f4a3221f3;timesofindia;https://timesofindia.indiatimes.com/city/patna/bird-flu-culling-of-birds-ordered-in-bihars-munger/articleshow/67195796.cms;21-Dec-18;;Relevant;;;;;;;;;;72.85159;19.10358;102;60
PadiWeb;Groho;India;Avian Influenza H5N1;Poultry (domestic);618fa528f5;indiatimes;https://timesofindia.indiatimes.com/city/patna/govt-launches-surveillance-to-check-bird-flu-in-munger/articleshow/67220341.cms;23-Dec-18;;Relevant;;;;;;;;;;75.707182;29.492833;99;61,18
PadiWeb;Patna;India;Avian Influenza;Peacocks;CCBN624892;yahoo;https://in.news.yahoo.com/patna-zoo-closed-6-peacocks-123700607.html;25-Dec-18;;Relevant;;;;;;;;;;85.906508;25.644085;154;39,61
PadiWeb;Patna;India;Avian Influenza;wild birds;NLQ0ZTXT7T;ndtv;https://www.ndtv.com/patna-news/patna-zoo-closed-after-six-peacocks-die-under-mysterious-circumstances-1967861;25-Dec-18;;Relevant;;;;;;;;;;85.906508;25.644085;154;39,61
PadiWeb;Patna;India;Avian Influenza;Peacocks;A8NNVO1TO9;indiatoday;https://www.indiatoday.in/india/story/patna-zoo-shuts-down-after-bird-flu-scare-christmas-revellers-greeted-with-closed-gates-1417006-2018-12-25;25-Dec-18;;Relevant;;;;;;;;;;85.906508;25.644085;154;39,61
PadiWeb;Patna;India;Avian Influenza;Peacocks;OPSYO4GA8D;thehindu;https://www.thehindubusinessline.com/news/patna-zoo-closed-after-bird-flu-virus-found-in-dead-peacocks/article25826826.ece;25-Dec-18;;Relevant;;;;;;;;;;85.906508;25.644085;154;39,61
PadiWeb;Patna;india;Avian Influenza H5N1;Peacocks;Q6OVQRHN25;newindianexpress;http://www.newindianexpress.com/nation/2018/dec/26/bihar-issues-alert-over-bird-flu-outbreak-begins-inspection-of-poultry-farms-disinfection-measures-1916835.html;26-Dec-18;;Relevant;;;;;;;;;;85.906508;25.644085;154;39,61
PadiWeb;Patna;india;Avian Influenza H5N1;Peacocks;H3HWIVI27E;deccanherald;https://www.deccanherald.com/national/bird-flu-scare-patna-zoo-709931.html;26-Dec-18;;Relevant;;;;;;;;;;85.906508;25.644085;154;39,61
PadiWeb;Patna;India;Avian Influenza H5N1;Peacocks;TRYBG3FKOF;xinhuanet;http://www.xinhuanet.com/english/2018-12/26/c_137698678.htm;26-Dec-18;;Relevant;;;;;;;;;;85.906508;25.644085;154;39,61
PadiWeb;Patna;India;Avian Influenza;Peacocks;XBMIRUQ5PI;telegraphindia;https://www.telegraphindia.com/states/jharkhand/ranchi-jamshedpur-zoos-on-bird-flu-alert/cid/1680001;27-Dec-18;;Relevant;;;;;;;;;;85.906508;25.644085;154;39,61
PadiWeb;Patna;India;Avian Influenza H5N1;Peacocks;IRYZHBZHBJ;timesofindia;https://timesofindia.indiatimes.com/city/patna/govt-collects-fresh-bird-samples-for-test/articleshow/67277301.cms;27-Dec-18;;Relevant;;;;;;;;;;85.906508;25.644085;154;39,61
PadiWeb;Patna;India;Avian Influenza;Peacocks;PB0PKJP6QN;timesofindia;https://timesofindia.indiatimes.com/city/patna/hospitals-put-on-alert-docs-advise-people-to-avoid-eggs/articleshow/67278474.cms;27-Dec-18;;Relevant;;;;;;;;;;85.906508;25.644085;154;39,61
PadiWeb;Patna;India;Avian Influenza;Peacocks;V0QMG25XWL;newsnation;https://www.newsnation.in/videos/india/patna-zoo-closed-indefinitely-after-death-of-six-peacocks-by-bird-flu-8/43712;28-Dec-18;;Relevant;;;;;;;;;;85.906508;25.644085;154;39,61
PadiWeb;Sabbah;Brunei;Avian Influenza;Chicken;e6fafc4885;newsinfo;http://news.google.com/news/url?sa=t&fd=R&ct2=us&usg=AFQjCNHz06WlADD0-Y6Na7SP0vWh-JDoVg&clid=c3a7d30bb8a4878e06b80cf16b898331&cid=52779996981487&ei=DedrW4HMOtHtzAaaubSIBw&url=http://newsinfo.inquirer.net/1019167/bird-flu-threat-brunei-halts-poultry-imports-from-sabah;8-Aug-18;;Irrelevant;;;;;;;;;;122.995547;40.99752;92;63,92
PadiWeb;Phnom Penh;Cambodia;Avian Influenza;Birds;58f1deb8b3;khmertimes;http://news.google.com/news/url?sa=t&fd=R&ct2=us&usg=AFQjCNHQTPEBcATFU3NWtsS_1XXlso5P2g&clid=c3a7d30bb8a4878e06b80cf16b898331&ei=vg_YW6jLKMfyzQbDtqKYDg&url=https://www.khmertimeskh.com/50545286/ministry-cautions-against-bird-flu-during-water-festival/;29-oct-18;;Irrelevant;;;;;;;;;;123.42791;41.80261;132;48,24
PadiWeb;Bengaluru;India;Avian Influenza;wild birds;fee0a8b32e;deccanherald;http://news.google.com/news/url?sa=t&fd=R&ct2=us&usg=AFQjCNFUb3R6b5KjZCeytGIAYGM-6RYoMw&clid=c3a7d30bb8a4878e06b80cf16b898331&ei=xvjfW9DuCtH8zAaJzaP4Ag&url=https://www.deccanherald.com/city/bbmp-suspects-avian-flu-death-701614.html;04-nov-18;;Irrelevant;;;;;;;;;;104.922443;11.568271;154;39,61
PadiWeb;Bengaluru;India;Avian Influenza;wild birds;TXU3MDYE9U;deccanherald;https://www.deccanherald.com/city/bbmp-suspects-avian-flu-death-701614.html;05-nov-18;;Irrelevant;;;;;;;;;;77.667749;12.904455;130;49,02
PadiWeb;Kien Giang;Vietnam ;Avian Influenza H5N1;Poultry (domestic);b1c3506f63;vietnamplus;http://en.vietnamplus.vn/southern-provinces-take-steps-to-control-avian-flu-outbreak/143380.vnp;11-Dec-18;;Irrelevant;;;;;;;;;;77.667749;12.904455;130;49,02
PadiWeb;Nayabazaar;India;Avian Influenza H5N1;wild birds;35cbd8ebd6;newindianexpress;http://www.newindianexpress.com/states/odisha/2018/dec/16/crow-deaths-trigger-panic-1912244.html;16-Dec-18;;Irrelevant;;;;;;;;;;121.56368;25.03752;148;41,96
PadiWeb;Odisha;India;Avian Influenza;Poultry (domestic);b7c57ecd1f;newindianexpress;http://www.newindianexpress.com/states/odisha/2018/dec/17/chicken-price-drops-amid-bird-flu-threat-1912638.html;17-Dec-18;;Irrelevant;;;;;;;;;;88.275115;27.279058;102;60
PadiWeb;Putrajaya;Malaysia;Avian Influenza;Chicken;9dd9a1596f;businesstimes;https://www.businesstimes.com.sg/consumer/malaysia-is-on-the-hunt-for-an-egg-cartel;18-Dec-18;;Irrelevant;;;;;;;;;;86.635099;20.409719;149;41,57
PadiWeb;Odisha;India;Avian Influenza;wild birds;c455f6481e;newindianexpress;http://www.newindianexpress.com/states/odisha/2018/dec/21/pakoda-in-egg-out-of-mdm-menu-amid-bird-flu-scare-1914547.html;21-Dec-18;;Irrelevant;;;;;;;;;;101.683853;2.914057;126;50,59
PadiWeb;Sabbah;Malaysia;Avian Influenza;Poultry (domestic);d22d17a9a5;themalaysianinsight;https://www.themalaysianinsight.com/s/120294;21-Dec-18;;Irrelevant;;;;;;;;;;116.2287;6.06639;86;66,27
PadiWeb;Puri;India;Avian Influenza;wild birds;4YT92EIGPR;odyshabytes;http://www.odishabytes.com/avian-influenza-not-found-in-migratory-birds-in-chilika/;21-Dec-18;;Irrelevant;;;;;;;;;;116.232814;6.176285;88;65,49
PadiWeb;Puri;India;Avian Influenza;Poultry (domestic);2959963bfe;odyshabytes;https://odishatv.in/odisha/bird-flu-spiralling-out-of-control-in-puri-341203;21-Dec-18;;Irrelevant;;;;;;;;;;85.25037;19.685321;87;65,88
PadiWeb;Ganjam;India;Avian Influenza;Poultry (domestic);0dbd5bffc1;digitalglobalist;http://digitalglobalist.com/2018/12/22/vaccination-starts-in-ganjam-to-check-bird-flu-outbreak/;23-Dec-18;;Irrelevant;;;;;;;;;;85.25037;19.685321;87;65,88
PadiWeb;Patna;India;Avian Influenza H5N1;Poultry (domestic);44CSC3CRW5;timesofindia;https://timesofindia.indiatimes.com/city/patna/avian-influenza-1400-birds-culled-in-munger/articleshow/67387607.cms;04-janv-19;;Relevant;;;;;;;;;;84.847988;25.451684;139;45,49
